{
    "accuracy": {
        "5": {
            "0.0": [
                90.74596762657166,
                1.6755639402554865
            ],
            "0.05": [
                88.93145084381104,
                3.2014576216530615
            ],
            "0.1": [
                89.55645203590393,
                3.2490618914041978
            ],
            "0.15": [
                89.2137098312378,
                3.119165234735961
            ],
            "0.2": [
                88.95161271095276,
                2.0387346998414477
            ],
            "0.25": [
                87.5806450843811,
                2.674901125026975
            ]
        },
        "2": {
            "0.0": [
                80.30241966247559,
                16.436006354714266
            ],
            "0.05": [
                86.8750011920929,
                2.152376396103299
            ],
            "0.1": [
                84.79838728904724,
                2.14325584273058
            ],
            "0.15": [
                84.6169364452362,
                2.6501895623923075
            ],
            "0.2": [
                77.80241847038269,
                5.580431016298995
            ],
            "0.25": [
                75.56451559066772,
                13.004077528429097
            ]
        }
    },
    "embedding_alignment": {
        "5": {
            "0.0": [
                97.06093801028501,
                0.8839550186504707
            ],
            "0.05": [
                95.80257801765954,
                2.050870252751126
            ],
            "0.1": [
                96.98886424897194,
                1.366892964721796
            ],
            "0.15": [
                97.26361007433064,
                0.9487204877089414
            ],
            "0.2": [
                96.75575056547191,
                1.927963770103412
            ],
            "0.25": [
                96.49360345746611,
                0.6447150033761089
            ]
        },
        "2": {
            "0.0": [
                95.49875344159894,
                2.3404933829356636
            ],
            "0.05": [
                95.31158254670633,
                4.290853388221863
            ],
            "0.1": [
                97.06290823087647,
                1.4954144641559621
            ],
            "0.15": [
                97.24108465461374,
                1.3135864967609763
            ],
            "0.2": [
                95.70529574885049,
                2.5674991243870275
            ],
            "0.25": [
                97.21366812914326,
                1.3811184479319187
            ]
        }
    },
    "topographic_rho": {
        "5": {
            "0.0": [
                54.8712605419478,
                12.712628611305417
            ],
            "0.05": [
                50.99217003598528,
                9.801069574892825
            ],
            "0.1": [
                47.53923380407543,
                12.34182819680125
            ],
            "0.15": [
                44.419129941664224,
                5.893755903901518
            ],
            "0.2": [
                40.722150054234774,
                4.791622371822942
            ],
            "0.25": [
                32.89162904338242,
                7.749033500511468
            ]
        },
        "2": {
            "0.0": [
                42.13144771066031,
                7.811743788709068
            ],
            "0.05": [
                40.75062536716905,
                5.599771814658945
            ],
            "0.1": [
                38.07469204677555,
                5.113583816288445
            ],
            "0.15": [
                30.83857507751737,
                3.374663335991894
            ],
            "0.2": [
                27.117320311796313,
                3.8563788895864892
            ],
            "0.25": [
                23.78755508777528,
                3.8825336078006996
            ]
        }
    },
    "pos_dis": {
        "5": {
            "0.0": [
                18.39918352663517,
                16.37507894804255
            ],
            "0.05": [
                19.083849787712097,
                9.319131667808323
            ],
            "0.1": [
                6.041113063693047,
                1.2122528308085727
            ],
            "0.15": [
                6.381518580019474,
                8.084348646924518
            ],
            "0.2": [
                4.926907233893871,
                4.301760720651659
            ],
            "0.25": [
                6.454163528978825,
                8.769700669840535
            ]
        },
        "2": {
            "0.0": [
                40.23185968399048,
                30.330142299680304
            ],
            "0.05": [
                7.220453098416328,
                5.410694343720874
            ],
            "0.1": [
                7.670958004891872,
                4.957055614232786
            ],
            "0.15": [
                6.102088317275047,
                3.3068206833341773
            ],
            "0.2": [
                5.445812772959471,
                8.238083555501516
            ],
            "0.25": [
                5.141928307712078,
                3.303289546959081
            ]
        }
    },
    "bos_dis": {
        "5": {
            "0.0": [
                13.477451503276825,
                5.153426040558984
            ],
            "0.05": [
                10.585013329982758,
                3.7660946117570004
            ],
            "0.1": [
                9.88478608429432,
                4.299716291174017
            ],
            "0.15": [
                10.27889370918274,
                4.173738725296508
            ],
            "0.2": [
                9.209761321544647,
                2.857434664559697
            ],
            "0.25": [
                10.213331431150436,
                5.78795682224891
            ]
        },
        "2": {
            "0.0": [
                29.965323358774185,
                29.820612306190345
            ],
            "0.05": [
                13.036306500434875,
                0.929002215306126
            ],
            "0.1": [
                9.592246562242508,
                1.9852688076130043
            ],
            "0.15": [
                9.046509116888046,
                3.4689323718019676
            ],
            "0.2": [
                9.150490462779999,
                4.700418625595242
            ],
            "0.25": [
                6.672380957752466,
                5.791166266628552
            ]
        }
    },
    "unique_targets": {
        "5": {
            "0.0": [
                989.0,
                0.0
            ],
            "0.05": [
                989.0,
                0.0
            ],
            "0.1": [
                989.0,
                0.0
            ],
            "0.15": [
                989.0,
                0.0
            ],
            "0.2": [
                989.0,
                0.0
            ],
            "0.25": [
                989.0,
                0.0
            ]
        },
        "2": {
            "0.0": [
                989.0,
                0.0
            ],
            "0.05": [
                989.0,
                0.0
            ],
            "0.1": [
                989.0,
                0.0
            ],
            "0.15": [
                989.0,
                0.0
            ],
            "0.2": [
                989.0,
                0.0
            ],
            "0.25": [
                989.0,
                0.0
            ]
        }
    },
    "unique_msg": {
        "5": {
            "0.0": [
                98.2,
                32.21335126931068
            ],
            "0.05": [
                190.8,
                48.41177542705906
            ],