{
    "accuracy": {
        "10": {
            "0.0": [
                84.25403118133545,
                6.500533117835051
            ],
            "0.05": [
                81.91532373428345,
                8.307688028466542
            ],
            "0.1": [
                79.15322542190552,
                9.447220987963313
            ],
            "0.15": [
                76.43145203590393,
                10.554024490257087
            ],
            "0.2": [
                73.56854796409607,
                10.471311316578934
            ],
            "0.25": [
                70.96774220466614,
                11.7427746253942
            ]
        },
        "2": {
            "0.0": [
                88.14516186714172,
                3.664874063783502
            ],
            "0.05": [
                83.89112830162048,
                2.9678212857403636
            ],
            "0.1": [
                79.89919424057007,
                3.010017177749142
            ],
            "0.15": [
                75.8669376373291,
                2.708659990471682
            ],
            "0.2": [
                71.89516186714172,
                3.0906549767460474
            ],
            "0.25": [
                68.54838609695435,
                3.1825614182974817
            ]
        },
        "5": {
            "0.0": [
                85.50403237342834,
                10.74599751612208
            ],
            "0.05": [
                82.94354796409607,
                10.216480649952585
            ],
            "0.1": [
                80.44354796409607,
                10.634104126238219
            ],
            "0.15": [
                77.47983813285828,
                11.638108404826122
            ],
            "0.2": [
                74.47580575942993,
                11.412045671629773
            ],
            "0.25": [
                70.7862901687622,
                12.775512351112218
            ]
        }
    },
    "f1": {
        "10": {
            "0.0": [
                84.25403225806451,
                6.500533374802033
            ],
            "0.05": [
                81.91532258064517,
                8.307687683158804
            ],
            "0.1": [
                79.15322580645162,
                9.447221358834817
            ],
            "0.15": [
                76.43145161290323,
                10.554023447745898
            ],
            "0.2": [
                73.56854838709678,
                10.471312142164674
            ],
            "0.25": [
                70.96774193548387,
                11.742775647745148
            ]
        },
        "2": {
            "0.0": [
                88.14516129032258,
                3.66487214969613
            ],
            "0.05": [
                83.89112903225806,
                2.967821915541843
            ],
            "0.1": [
                79.8991935483871,
                3.010017447780411
            ],
            "0.15": [
                75.86693548387098,
                2.7086600086746913
            ],
            "0.2": [
                71.89516129032259,
                3.0906548969798826
            ],
            "0.25": [
                68.5483870967742,
                3.182560596723773
            ]
        },
        "5": {
            "0.0": [
                85.50403225806451,
                10.745998717144902
            ],
            "0.05": [
                82.94354838709677,
                10.216479077223985
            ],
            "0.1": [
                80.44354838709678,
                10.63410283431754
            ],
            "0.15": [
                77.47983870967742,
                11.638109820873877
            ],
            "0.2": [
                74.47580645161291,
                11.412044870108815
            ],
            "0.25": [
                70.78629032258064,
                12.775512766407644
            ]
        }
    },
    "embedding_alignment": {
        "10": {
            "0.0": [
                94.59370741859036,
                1.8179646213565142
            ],
            "0.05": [
                95.54834773982311,
                1.391598822466946
            ],
            "0.1": [
                95.54834773982311,
                1.391598822466946
            ],
            "0.15": [
                95.54834773982311,
                1.391598822466946
            ],
            "0.2": [
                95.54834773982311,
                1.391598822466946
            ],
            "0.25": [
                95.54834773982311,
                1.391598822466946
            ]
        },
        "2": {
            "0.0": [
                96.72493899309883,
                0.8106569490744728
            ],
            "0.05": [
                96.25056975886685,
                1.948626601150519
            ],
            "0.1": [
                96.25056975886685,
                1.948626601150519
            ],
            "0.15": [
                96.25056975886685,
                1.948626601150519
            ],
            "0.2": [
                96.25056975886685,
                1.948626601150519
            ],
            "0.25": [
                96.25056975886685,
                1.948626601150519
            ]
        },
        "5": {
            "0.0": [
                95.7702759678457,
                2.089704371832844
            ],
            "0.05": [
                95.66053618867024,
                1.311525863240098
            ],
            "0.1": [
                95.66053618867024,
                1.311525863240098
            ],
            "0.15": [
                95.66053618867024,
                1.311525863240098
            ],
            "0.2": [
                95.66053618867024,
                1.311525863240098
            ],
            "0.25": [
                95.66053618867024,
                1.311525863240098
            ]
        }
    },
    "topographic_rho": {
        "10": {
            "0.0": [
                48.15503404685638,
                12.407701682917363
            ],
            "0.05": [
                49.57699757933466,
                12.334872898081862
            ],
            "0.1": [
                48.03812267415232,
                12.158246913498049
            ],
            "0.15": [
                46.40127567558697,
                11.613700232382483
            ],
            "0.2": [
                44.92449929075188,
                11.060270344664925
            ],
            "0.25": [
                43.25897215141991,
                10.503697964189346
            ]
        },
        "2": {
            "0.0": [
                39.132536363168384,
                2.7001817560015344
            ],
            "0.05": [
                39.07860972336748,
                10.381706077911828
            ],
            "0.1": [
                35.95428959441116,
                9.108067942906501
            ],
            "0.15": [
                32.72893153667435,
                8.6208509445057
            ],
            "0.2": [
                28.57036827351909,
                7.547809594555925
            ],
            "0.25": [
                24.808288145735,
                6.5771924311885375
            ]
        },
        "5": {
            "0.0": [
                56.662618889634516,
                7.23567289210108
            ],
            "0.05": [
                52.92303045932594,
                11.923147024381237
            ],
            "0.1": [
                51.001296623505915,
                12.15241719649173
            ],
            "0.15": [
                48.81072598446108,
                12.498082050738816
            ],
            "0.2": [
                46.46633771753264,
                12.852130434809094
            ],