epoch,phase,loss,accuracy,sender_entropy,receiver_entropy,length,lexicon_size,actual_vocab_size,max_rep,redund_msg,redund_smb,redund_smb_adj
1,train,0.05696571245789528,43.5,3.833984375,0.82373046875,5.83984375,2741,100,1.0283203125,,0.249691516851407,0.249691516851407
2,train,-0.3206923007965088,44.96875,3.833984375,0.81591796875,5.8203125,2744,100,1.03125,,0.21116465559682385,0.21116465559682385
1,val,-0.429137647151947,43.9375,3.83203125,0.83154296875,6.0,10,9,4.05859375,0.8291457753745445,0.9500307620179562,0.8931472510289808
2,val,-1.2346488237380981,40.96875,3.83203125,0.77392578125,5.97265625,25,12,3.388671875,0.707034244382127,0.9123874052056996,0.8376436597881477
