{
    "accuracy": {
        "2": {
            "0.0": [
                80.30241966247559,
                16.436006354714266
            ],
            "0.05": [
                86.8750011920929,
                2.152376396103299
            ],
            "0.1": [
                84.79838728904724,
                2.14325584273058
            ],
            "0.15": [
                84.6169364452362,
                2.6501895623923075
            ],
            "0.2": [
                77.80241847038269,
                5.580431016298995
            ],
            "0.25": [
                75.56451559066772,
                13.004077528429097
            ]
        },
        "5": {
            "0.0": [
                90.74596762657166,
                1.6755639402554865
            ],
            "0.05": [
                88.93145084381104,
                3.2014576216530615
            ],
            "0.1": [
                89.55645203590393,
                3.2490618914041978
            ],
            "0.15": [
                89.2137098312378,
                3.119165234735961
            ],
            "0.2": [
                88.95161271095276,
                2.0387346998414477
            ],
            "0.25": [
                87.5806450843811,
                2.674901125026975
            ]
        },
        "10": {
            "0.0": [
                82.60080575942993,
                16.629796934441625
            ],
            "0.05": [
                83.3669364452362,
                15.06361458475402
            ],
            "0.1": [
                88.89112830162048,
                4.538431259936381
            ],
            "0.15": [
                89.8387086391449,
                1.6184931329124252
            ],
            "0.2": [
                90.40322661399841,
                2.051758232794239
            ],
            "0.25": [
                88.44758033752441,
                3.3417680748563687
            ]
        }
    },
    "embedding_alignment": {
        "2": {
            "0.0": [
                95.49875344159894,
                2.3404933829356636
            ],
            "0.05": [
                95.31158254670633,
                4.290853388221863
            ],
            "0.1": [
                97.06290823087647,
                1.4954144641559621
            ],
            "0.15": [
                97.24108465461374,
                1.3135864967609763
            ],
            "0.2": [
                95.70529574885049,
                2.5674991243870275
            ],
            "0.25": [
                97.21366812914326,
                1.3811184479319187
            ]
        },
        "5": {
            "0.0": [
                97.06093801028501,
                0.8839550186504705
            ],
            "0.05": [
                95.80257801765954,
                2.050870252751126
            ],
            "0.1": [
                96.98886424897194,
                1.366892964721796
            ],
            "0.15": [
                97.26361007433064,
                0.9487204877089414
            ],
            "0.2": [
                96.75575056547191,
                1.927963770103412
            ],
            "0.25": [
                96.4936034574661,
                0.6447150033761089
            ]
        },
        "10": {
            "0.0": [
                93.83940579579458,
                5.1001486883376295
            ],
            "0.05": [
                96.42002181749618,
                1.8036204185911004
            ],
            "0.1": [
                96.52482473848949,
                1.8435658913665485
            ],
            "0.15": [
                96.02432807824698,
                0.9338862583544116
            ],
            "0.2": [
                96.69068521464162,
                0.933857900899978
            ],
            "0.25": [
                94.08131415399195,
                4.2016765756661805
            ]
        }
    },
    "topographic_rho": {
        "2": {
            "0.0": [
                42.13144771066031,
                7.811743788709068
            ],
            "0.05": [
                40.75062536716905,
                5.599771814658945
            ],
            "0.1": [
                38.07469204677555,
                5.113583816288445
            ],
            "0.15": [
                30.83857507751737,
                3.374663335991894
            ],
            "0.2": [
                27.117320311796313,
                3.8563788895864892
            ],
            "0.25": [
                23.78755508777528,
                3.8825336078006996
            ]
        },
        "5": {
            "0.0": [
                54.87126054194779,
                12.712628611305416
            ],
            "0.05": [
                50.99217003598528,
                9.801069574892825
            ],
            "0.1": [
                47.53923380407544,
                12.341828196801254
            ],
            "0.15": [
                44.419129941664224,
                5.893755903901518
            ],
            "0.2": [
                40.722150054234774,
                4.7916223718229425
            ],
            "0.25": [
                32.89162904338242,
                7.749033500511468
            ]
        },
        "10": {
            "0.0": [
                45.67985232268047,
                15.858793273486711
            ],
            "0.05": [
                58.49709609777625,
                8.763752316228961
            ],
            "0.1": [
                59.03691042598756,
                4.075272375144293
            ],
            "0.15": [
                53.7579931470464,
                5.7559681106166325
            ],
            "0.2": [
                50.63153656300632,
                9.165654836395678
            ],
            "0.25": [
                39.18018636936569,
                14.661723322085116
            ]
        }
    },
    "pos_dis": {
        "2": {
            "0.0": [
                40.23185968399048,
                30.330142299680304
            ],
            "0.05": [
                7.220453098416328,
                5.410694343720874
            ],
            "0.1": [
                7.670958004891872,
                4.957055614232786
            ],
            "0.15": [
                6.102088317275047,
                3.3068206833341773
            ],
            "0.2": [
                5.445812772959471,
                8.238083555501516
            ],
            "0.25": [
                5.141928307712078,
                3.303289546959081
            ]
        },
        "5": {
            "0.0": [
                18.39918352663517,
                16.37507894804255
            ],
            "0.05": [
                19.083849787712097,
                9.319131667808323
            ],
            "0.1": [
                6.041113063693047,
                1.2122528308085727
            ],
            "0.15": [
                6.381518580019474,
                8.084348646924518
            ],
            "0.2": [
                4.926907233893871,
                4.301760720651659
            ],
            "0.25": [
                6.454163528978825,
                8.769700669840535
            ]
        },
        "10": {
            "0.0": [
                23.1057371199131,
                24.152306578768577
            ],
            "0.05": [
                27.09322988986969,
                26.412745992955518
            ],
            "0.1": [
                12.039987221360207,
                10.67127948153748
            ],
            "0.15": [
                10.377720519900322,
                10.348140215402013
            ],
            "0.2": [
                18.206070959568024,
                9.188397223541523
            ],